Ligand,Affinity_kcal_mol,Category
Andrographolide,,affinity_leq_-5
Andrographolide_conf_1,,affinity_leq_-5
Andrographolide_conf_10,,affinity_leq_-5
Andrographolide_conf_11,,affinity_leq_-5
Andrographolide_conf_12,,affinity_leq_-5
Andrographolide_conf_13,,affinity_leq_-5
Andrographolide_conf_14,,affinity_leq_-5
Andrographolide_conf_15,,affinity_leq_-5
Andrographolide_conf_16,,affinity_leq_-5
Andrographolide_conf_17,,affinity_leq_-5
Andrographolide_conf_18,,affinity_leq_-5
Andrographolide_conf_19,,affinity_leq_-5
Andrographolide_conf_2,,affinity_leq_-5
Andrographolide_conf_20,,affinity_leq_-5
Andrographolide_conf_21,,affinity_leq_-5
Andrographolide_conf_22,,affinity_leq_-5
Andrographolide_conf_23,,affinity_leq_-5
Andrographolide_conf_24,,affinity_leq_-5
Andrographolide_conf_25,,affinity_leq_-5
Andrographolide_conf_26,,affinity_leq_-5
Andrographolide_conf_27,,affinity_leq_-5
Andrographolide_conf_28,,affinity_leq_-5
Andrographolide_conf_29,,affinity_leq_-5
Andrographolide_conf_3,,affinity_leq_-5
Andrographolide_conf_30,,affinity_leq_-5
Andrographolide_conf_31,,affinity_leq_-5
Andrographolide_conf_32,,affinity_leq_-5
Andrographolide_conf_33,,affinity_leq_-5
Andrographolide_conf_34,,affinity_leq_-5
Andrographolide_conf_35,,affinity_leq_-5
Andrographolide_conf_36,,affinity_leq_-5
Andrographolide_conf_37,,affinity_leq_-5
Andrographolide_conf_38,,affinity_leq_-5
Andrographolide_conf_39,,affinity_leq_-5
Andrographolide_conf_4,,affinity_leq_-5
Andrographolide_conf_40,,affinity_leq_-5
Andrographolide_conf_41,,affinity_leq_-5
Andrographolide_conf_42,,affinity_leq_-5
Andrographolide_conf_43,,affinity_leq_-5
Andrographolide_conf_44,,affinity_leq_-5
Andrographolide_conf_45,,affinity_leq_-5
Andrographolide_conf_46,,affinity_leq_-5
Andrographolide_conf_47,,affinity_leq_-5
Andrographolide_conf_48,,affinity_leq_-5
Andrographolide_conf_49,,affinity_leq_-5
Andrographolide_conf_5,,affinity_leq_-5
Andrographolide_conf_50,,affinity_leq_-5
Andrographolide_conf_51,,affinity_leq_-5
Andrographolide_conf_52,,affinity_leq_-5
Andrographolide_conf_53,,affinity_leq_-5
Andrographolide_conf_54,,affinity_leq_-5
Andrographolide_conf_55,,affinity_leq_-5
Andrographolide_conf_56,,affinity_leq_-5
Andrographolide_conf_57,,affinity_leq_-5
Andrographolide_conf_58,,affinity_leq_-5
Andrographolide_conf_59,,affinity_leq_-5
Andrographolide_conf_6,,affinity_leq_-5
Andrographolide_conf_60,,affinity_leq_-5
Andrographolide_conf_61,,affinity_leq_-5
Andrographolide_conf_62,,affinity_leq_-5
Andrographolide_conf_63,,affinity_leq_-5
Andrographolide_conf_64,,affinity_leq_-5
Andrographolide_conf_65,,affinity_leq_-5
Andrographolide_conf_66,,affinity_leq_-5
Andrographolide_conf_67,,affinity_leq_-5
Andrographolide_conf_68,,affinity_leq_-5
Andrographolide_conf_69,,affinity_leq_-5
Andrographolide_conf_7,,affinity_leq_-5
Andrographolide_conf_70,,affinity_leq_-5
Andrographolide_conf_71,,affinity_leq_-5
Andrographolide_conf_8,,affinity_leq_-5
Andrographolide_conf_9,,affinity_leq_-5
Apigenin,,affinity_leq_-5
Apigenin_conf_1,,affinity_leq_-5
Artemisinin,,affinity_leq_-5
Artemisinin_conf_1,,affinity_leq_-5
Artemisinin_conf_2,,affinity_leq_-5
Artemisinin_conf_3,,affinity_leq_-5
Artemisinin_conf_4,,affinity_leq_-5
Artemisinin_conf_5,,affinity_leq_-5
Artemisinin_conf_6,,affinity_leq_-5
Artemisinin_conf_7,,affinity_leq_-5
Artemisinin_conf_8,,affinity_leq_-5
Asiatic Acid,,affinity_leq_-5
Asiatic Acid_conf_1,,affinity_leq_-5
Asiatic Acid_conf_10,,affinity_leq_-5
Asiatic Acid_conf_11,,affinity_leq_-5
Asiatic Acid_conf_12,,affinity_leq_-5
Asiatic Acid_conf_13,,affinity_leq_-5
Asiatic Acid_conf_14,,affinity_leq_-5
Asiatic Acid_conf_15,,affinity_leq_-5
Asiatic Acid_conf_16,,affinity_leq_-5
Asiatic Acid_conf_17,,affinity_leq_-5
Asiatic Acid_conf_18,,affinity_leq_-5
Asiatic Acid_conf_19,,affinity_leq_-5
Asiatic Acid_conf_2,,affinity_leq_-5
Asiatic Acid_conf_20,,affinity_leq_-5
Asiatic Acid_conf_21,,affinity_leq_-5
Asiatic Acid_conf_22,,affinity_leq_-5
Asiatic Acid_conf_23,,affinity_leq_-5
Asiatic Acid_conf_24,,affinity_leq_-5
Asiatic Acid_conf_25,,affinity_leq_-5
Asiatic Acid_conf_26,,affinity_leq_-5
Asiatic Acid_conf_27,,affinity_leq_-5
Asiatic Acid_conf_28,,affinity_leq_-5
Asiatic Acid_conf_29,,affinity_leq_-5
Asiatic Acid_conf_3,,affinity_leq_-5
Asiatic Acid_conf_30,,affinity_leq_-5
Asiatic Acid_conf_31,,affinity_leq_-5
Asiatic Acid_conf_32,,affinity_leq_-5
Asiatic Acid_conf_33,,affinity_leq_-5
Asiatic Acid_conf_34,,affinity_leq_-5
Asiatic Acid_conf_35,,affinity_leq_-5
Asiatic Acid_conf_36,,affinity_leq_-5
Asiatic Acid_conf_37,,affinity_leq_-5
Asiatic Acid_conf_38,,affinity_leq_-5
Asiatic Acid_conf_39,,affinity_leq_-5
Asiatic Acid_conf_4,,affinity_leq_-5
Asiatic Acid_conf_40,,affinity_leq_-5
Asiatic Acid_conf_41,,affinity_leq_-5
Asiatic Acid_conf_42,,affinity_leq_-5
Asiatic Acid_conf_43,,affinity_leq_-5
Asiatic Acid_conf_44,,affinity_leq_-5
Asiatic Acid_conf_45,,affinity_leq_-5
Asiatic Acid_conf_46,,affinity_leq_-5
Asiatic Acid_conf_47,,affinity_leq_-5
Asiatic Acid_conf_48,,affinity_leq_-5
Asiatic Acid_conf_49,,affinity_leq_-5
Asiatic Acid_conf_5,,affinity_leq_-5
Asiatic Acid_conf_50,,affinity_leq_-5
Asiatic Acid_conf_51,,affinity_leq_-5
Asiatic Acid_conf_52,,affinity_leq_-5
Asiatic Acid_conf_53,,affinity_leq_-5
Asiatic Acid_conf_54,,affinity_leq_-5
Asiatic Acid_conf_55,,affinity_leq_-5
Asiatic Acid_conf_56,,affinity_leq_-5
Asiatic Acid_conf_6,,affinity_leq_-5
Asiatic Acid_conf_7,,affinity_leq_-5
Asiatic Acid_conf_8,,affinity_leq_-5
Asiatic Acid_conf_9,,affinity_leq_-5
Baicalein,,affinity_leq_-5
Baicalein_conf_1,,affinity_leq_-5
Berberine,,affinity_leq_-5
Berberine_conf_1,,affinity_leq_-5
Berberine_conf_2,,affinity_leq_-5
Berberine_conf_3,,affinity_leq_-5
Berberine_conf_4,,affinity_leq_-5
Betulinic Acid,,affinity_leq_-5
Betulinic Acid_conf_1,,affinity_leq_-5
Betulinic Acid_conf_10,,affinity_leq_-5
Betulinic Acid_conf_11,,affinity_leq_-5
Betulinic Acid_conf_12,,affinity_leq_-5
Betulinic Acid_conf_13,,affinity_leq_-5
Betulinic Acid_conf_14,,affinity_leq_-5
Betulinic Acid_conf_15,,affinity_leq_-5
Betulinic Acid_conf_16,,affinity_leq_-5
Betulinic Acid_conf_17,,affinity_leq_-5
Betulinic Acid_conf_18,,affinity_leq_-5
Betulinic Acid_conf_19,,affinity_leq_-5
Betulinic Acid_conf_2,,affinity_leq_-5
Betulinic Acid_conf_3,,affinity_leq_-5
Betulinic Acid_conf_4,,affinity_leq_-5
Betulinic Acid_conf_5,,affinity_leq_-5
Betulinic Acid_conf_6,,affinity_leq_-5
Betulinic Acid_conf_7,,affinity_leq_-5
Betulinic Acid_conf_8,,affinity_leq_-5
Betulinic Acid_conf_9,,affinity_leq_-5
Butein_conf_10,,affinity_leq_-5
Butein_conf_2,,affinity_leq_-5
Butein_conf_3,,affinity_leq_-5
Butein_conf_4,,affinity_leq_-5
Butein_conf_5,,affinity_leq_-5
Butein_conf_6,,affinity_leq_-5
Butein_conf_7,,affinity_leq_-5
Butein_conf_8,,affinity_leq_-5
Butein_conf_9,,affinity_leq_-5
Caffeic Acid,,affinity_leq_-5
Caffeic Acid_conf_1,,affinity_leq_-5
Caffeic Acid_conf_2,,affinity_leq_-5
Caffeic Acid_conf_3,,affinity_leq_-5
Caffeic Acid_conf_4,,affinity_leq_-5
Cardamonin,,affinity_leq_-5
Cardamonin_conf_1,,affinity_leq_-5
Cardamonin_conf_10,,affinity_leq_-5
Cardamonin_conf_11,,affinity_leq_-5
Cardamonin_conf_2,,affinity_leq_-5
Cardamonin_conf_3,,affinity_leq_-5
Cardamonin_conf_4,,affinity_leq_-5
Cardamonin_conf_5,,affinity_leq_-5
Cardamonin_conf_6,,affinity_leq_-5
Cardamonin_conf_7,,affinity_leq_-5
Cardamonin_conf_8,,affinity_leq_-5
Cardamonin_conf_9,,affinity_leq_-5
Chlorogenic Acid,,affinity_leq_-5
Chlorogenic Acid_conf_1,,affinity_leq_-5
Chlorogenic Acid_conf_10,,affinity_leq_-5
Chlorogenic Acid_conf_11,,affinity_leq_-5
Chlorogenic Acid_conf_12,,affinity_leq_-5
Chlorogenic Acid_conf_13,,affinity_leq_-5
Chlorogenic Acid_conf_14,,affinity_leq_-5
Chlorogenic Acid_conf_15,,affinity_leq_-5
Chlorogenic Acid_conf_16,,affinity_leq_-5
Chlorogenic Acid_conf_17,,affinity_leq_-5
Chlorogenic Acid_conf_18,,affinity_leq_-5
Chlorogenic Acid_conf_19,,affinity_leq_-5
Chlorogenic Acid_conf_2,,affinity_leq_-5
Chlorogenic Acid_conf_20,,affinity_leq_-5
Chlorogenic Acid_conf_21,,affinity_leq_-5
Chlorogenic Acid_conf_22,,affinity_leq_-5
Chlorogenic Acid_conf_23,,affinity_leq_-5
Chlorogenic Acid_conf_24,,affinity_leq_-5
Chlorogenic Acid_conf_25,,affinity_leq_-5
Chlorogenic Acid_conf_26,,affinity_leq_-5
Chlorogenic Acid_conf_27,,affinity_leq_-5
Chlorogenic Acid_conf_28,,affinity_leq_-5
Chlorogenic Acid_conf_29,,affinity_leq_-5
Chlorogenic Acid_conf_3,,affinity_leq_-5
Chlorogenic Acid_conf_30,,affinity_leq_-5
Chlorogenic Acid_conf_31,,affinity_leq_-5
Chlorogenic Acid_conf_32,,affinity_leq_-5
Chlorogenic Acid_conf_33,,affinity_leq_-5
Chlorogenic Acid_conf_34,,affinity_leq_-5
Chlorogenic Acid_conf_35,,affinity_leq_-5
Chlorogenic Acid_conf_36,,affinity_leq_-5
Chlorogenic Acid_conf_37,,affinity_leq_-5
Chlorogenic Acid_conf_38,,affinity_leq_-5
Chlorogenic Acid_conf_4,,affinity_leq_-5
Chlorogenic Acid_conf_5,,affinity_leq_-5
Chlorogenic Acid_conf_6,,affinity_leq_-5
Chlorogenic Acid_conf_7,,affinity_leq_-5
Chlorogenic Acid_conf_8,,affinity_leq_-5
Chlorogenic Acid_conf_9,,affinity_leq_-5
Chrysin,,affinity_leq_-5
Chrysin_conf_1,,affinity_leq_-5
Circumin,,affinity_leq_-5
Circumin_conf_1,,affinity_leq_-5
Circumin_conf_10,,affinity_leq_-5
Circumin_conf_11,,affinity_leq_-5
Circumin_conf_12,,affinity_leq_-5
Circumin_conf_13,,affinity_leq_-5
Circumin_conf_14,,affinity_leq_-5
Circumin_conf_15,,affinity_leq_-5
Circumin_conf_16,,affinity_leq_-5
Circumin_conf_17,,affinity_leq_-5
Circumin_conf_18,,affinity_leq_-5
Circumin_conf_19,,affinity_leq_-5
Circumin_conf_2,,affinity_leq_-5
Circumin_conf_20,,affinity_leq_-5
Circumin_conf_21,,affinity_leq_-5
Circumin_conf_22,,affinity_leq_-5
Circumin_conf_23,,affinity_leq_-5
Circumin_conf_24,,affinity_leq_-5
Circumin_conf_25,,affinity_leq_-5
Circumin_conf_26,,affinity_leq_-5
Circumin_conf_27,,affinity_leq_-5
Circumin_conf_28,,affinity_leq_-5
Circumin_conf_29,,affinity_leq_-5
Circumin_conf_3,,affinity_leq_-5
Circumin_conf_30,,affinity_leq_-5
Circumin_conf_31,,affinity_leq_-5
Circumin_conf_32,,affinity_leq_-5
Circumin_conf_33,,affinity_leq_-5
Circumin_conf_34,,affinity_leq_-5
Circumin_conf_35,,affinity_leq_-5
Circumin_conf_36,,affinity_leq_-5
Circumin_conf_37,,affinity_leq_-5
Circumin_conf_38,,affinity_leq_-5
Circumin_conf_39,,affinity_leq_-5
Circumin_conf_4,,affinity_leq_-5
Circumin_conf_40,,affinity_leq_-5
Circumin_conf_41,,affinity_leq_-5
Circumin_conf_42,,affinity_leq_-5
Circumin_conf_43,,affinity_leq_-5
Circumin_conf_44,,affinity_leq_-5
Circumin_conf_45,,affinity_leq_-5
Circumin_conf_46,,affinity_leq_-5
Circumin_conf_47,,affinity_leq_-5
Circumin_conf_48,,affinity_leq_-5
Circumin_conf_49,,affinity_leq_-5
Circumin_conf_5,,affinity_leq_-5
Circumin_conf_50,,affinity_leq_-5
Circumin_conf_51,,affinity_leq_-5
Circumin_conf_52,,affinity_leq_-5
Circumin_conf_53,,affinity_leq_-5
Circumin_conf_54,,affinity_leq_-5
Circumin_conf_55,,affinity_leq_-5
Circumin_conf_56,,affinity_leq_-5
Circumin_conf_57,,affinity_leq_-5
Circumin_conf_58,,affinity_leq_-5
Circumin_conf_59,,affinity_leq_-5
Circumin_conf_6,,affinity_leq_-5
Circumin_conf_60,,affinity_leq_-5
Circumin_conf_61,,affinity_leq_-5
Circumin_conf_62,,affinity_leq_-5
Circumin_conf_63,,affinity_leq_-5
Circumin_conf_64,,affinity_leq_-5
Circumin_conf_65,,affinity_leq_-5
Circumin_conf_66,,affinity_leq_-5
Circumin_conf_67,,affinity_leq_-5
Circumin_conf_68,,affinity_leq_-5
Circumin_conf_69,,affinity_leq_-5
Circumin_conf_7,,affinity_leq_-5
Circumin_conf_70,,affinity_leq_-5
Circumin_conf_71,,affinity_leq_-5
Circumin_conf_72,,affinity_leq_-5
Circumin_conf_73,,affinity_leq_-5
Circumin_conf_74,,affinity_leq_-5
Circumin_conf_8,,affinity_leq_-5
Circumin_conf_9,,affinity_leq_-5
CRX_526,,affinity_leq_-5
CRX_526_conf_1,,affinity_leq_-5
CRX_526_conf_10,,affinity_leq_-5
CRX_526_conf_11,,affinity_leq_-5
CRX_526_conf_12,,affinity_leq_-5
CRX_526_conf_13,,affinity_leq_-5
CRX_526_conf_14,,affinity_leq_-5
CRX_526_conf_15,,affinity_leq_-5
CRX_526_conf_16,,affinity_leq_-5
CRX_526_conf_17,,affinity_leq_-5
CRX_526_conf_18,,affinity_leq_-5
CRX_526_conf_19,,affinity_leq_-5
CRX_526_conf_2,,affinity_leq_-5
CRX_526_conf_20,,affinity_leq_-5
CRX_526_conf_21,,affinity_leq_-5
CRX_526_conf_22,,affinity_leq_-5
CRX_526_conf_23,,affinity_leq_-5
CRX_526_conf_24,,affinity_leq_-5
CRX_526_conf_25,,affinity_leq_-5
CRX_526_conf_26,,affinity_leq_-5
CRX_526_conf_3,,affinity_leq_-5
CRX_526_conf_4,,affinity_leq_-5
CRX_526_conf_5,,affinity_leq_-5
CRX_526_conf_6,,affinity_leq_-5
CRX_526_conf_7,,affinity_leq_-5
CRX_526_conf_8,,affinity_leq_-5
CRX_526_conf_9,,affinity_leq_-5
Docetaxel,,affinity_leq_-5
Docetaxel_conf_1,,affinity_leq_-5
Docetaxel_conf_10,,affinity_leq_-5
Docetaxel_conf_11,,affinity_leq_-5
Docetaxel_conf_12,,affinity_leq_-5
Docetaxel_conf_13,,affinity_leq_-5
Docetaxel_conf_14,,affinity_leq_-5
Docetaxel_conf_15,,affinity_leq_-5
Docetaxel_conf_16,,affinity_leq_-5
Docetaxel_conf_17,,affinity_leq_-5
Docetaxel_conf_18,,affinity_leq_-5
Docetaxel_conf_19,,affinity_leq_-5
Docetaxel_conf_2,,affinity_leq_-5
Docetaxel_conf_20,,affinity_leq_-5
Docetaxel_conf_21,,affinity_leq_-5
Docetaxel_conf_22,,affinity_leq_-5
Docetaxel_conf_23,,affinity_leq_-5
Docetaxel_conf_24,,affinity_leq_-5
Docetaxel_conf_25,,affinity_leq_-5
Docetaxel_conf_26,,affinity_leq_-5
Docetaxel_conf_27,,affinity_leq_-5
Docetaxel_conf_28,,affinity_leq_-5
Docetaxel_conf_29,,affinity_leq_-5
Docetaxel_conf_3,,affinity_leq_-5
Docetaxel_conf_30,,affinity_leq_-5
Docetaxel_conf_31,,affinity_leq_-5
Docetaxel_conf_32,,affinity_leq_-5
Docetaxel_conf_33,,affinity_leq_-5
Docetaxel_conf_34,,affinity_leq_-5
Docetaxel_conf_35,,affinity_leq_-5
Docetaxel_conf_36,,affinity_leq_-5
Docetaxel_conf_37,,affinity_leq_-5
Docetaxel_conf_38,,affinity_leq_-5
Docetaxel_conf_39,,affinity_leq_-5
Docetaxel_conf_4,,affinity_leq_-5
Docetaxel_conf_40,,affinity_leq_-5
Docetaxel_conf_41,,affinity_leq_-5
Docetaxel_conf_42,,affinity_leq_-5
Docetaxel_conf_43,,affinity_leq_-5
Docetaxel_conf_44,,affinity_leq_-5
Docetaxel_conf_45,,affinity_leq_-5
Docetaxel_conf_46,,affinity_leq_-5
Docetaxel_conf_47,,affinity_leq_-5
Docetaxel_conf_48,,affinity_leq_-5
Docetaxel_conf_49,,affinity_leq_-5
Docetaxel_conf_5,,affinity_leq_-5
Docetaxel_conf_50,,affinity_leq_-5
Docetaxel_conf_51,,affinity_leq_-5
Docetaxel_conf_52,,affinity_leq_-5
Docetaxel_conf_53,,affinity_leq_-5
Docetaxel_conf_54,,affinity_leq_-5
Docetaxel_conf_55,,affinity_leq_-5
Docetaxel_conf_56,,affinity_leq_-5
Docetaxel_conf_57,,affinity_leq_-5
Docetaxel_conf_58,,affinity_leq_-5
Docetaxel_conf_59,,affinity_leq_-5
Docetaxel_conf_6,,affinity_leq_-5
Docetaxel_conf_60,,affinity_leq_-5
Docetaxel_conf_61,,affinity_leq_-5
Docetaxel_conf_62,,affinity_leq_-5
Docetaxel_conf_63,,affinity_leq_-5
Docetaxel_conf_64,,affinity_leq_-5
Docetaxel_conf_65,,affinity_leq_-5
Docetaxel_conf_66,,affinity_leq_-5
Docetaxel_conf_67,,affinity_leq_-5
Docetaxel_conf_68,,affinity_leq_-5
Docetaxel_conf_69,,affinity_leq_-5
Docetaxel_conf_7,,affinity_leq_-5
Docetaxel_conf_70,,affinity_leq_-5
Docetaxel_conf_71,,affinity_leq_-5
Docetaxel_conf_72,,affinity_leq_-5
Docetaxel_conf_73,,affinity_leq_-5
Docetaxel_conf_74,,affinity_leq_-5
Docetaxel_conf_75,,affinity_leq_-5
Docetaxel_conf_76,,affinity_leq_-5
Docetaxel_conf_77,,affinity_leq_-5
Docetaxel_conf_78,,affinity_leq_-5
Docetaxel_conf_79,,affinity_leq_-5
Docetaxel_conf_8,,affinity_leq_-5
Docetaxel_conf_80,,affinity_leq_-5
Docetaxel_conf_9,,affinity_leq_-5
Ellagic Acid,,affinity_leq_-5
Ellagic Acid_conf_1,,affinity_leq_-5
Epigallocatechin Gallate,,affinity_leq_-5
Epigallocatechin Gallate_conf_1,,affinity_leq_-5
Epigallocatechin Gallate_conf_10,,affinity_leq_-5
Epigallocatechin Gallate_conf_11,,affinity_leq_-5
Epigallocatechin Gallate_conf_12,,affinity_leq_-5
Epigallocatechin Gallate_conf_13,,affinity_leq_-5
Epigallocatechin Gallate_conf_14,,affinity_leq_-5
Epigallocatechin Gallate_conf_15,,affinity_leq_-5
Epigallocatechin Gallate_conf_2,,affinity_leq_-5
Epigallocatechin Gallate_conf_3,,affinity_leq_-5
Epigallocatechin Gallate_conf_4,,affinity_leq_-5
Epigallocatechin Gallate_conf_5,,affinity_leq_-5
Epigallocatechin Gallate_conf_6,,affinity_leq_-5
Epigallocatechin Gallate_conf_7,,affinity_leq_-5
Epigallocatechin Gallate_conf_8,,affinity_leq_-5
Epigallocatechin Gallate_conf_9,,affinity_leq_-5
Eritoran,,affinity_leq_-5
Ferulic Acid,,affinity_leq_-5
Ferulic Acid_conf_1,,affinity_leq_-5
Ferulic Acid_conf_2,,affinity_leq_-5
Ferulic Acid_conf_3,,affinity_leq_-5
Ferulic Acid_conf_4,,affinity_leq_-5
Fisetin,,affinity_leq_-5
Fisetin_conf_1,,affinity_leq_-5
Fisetin_conf_2,,affinity_leq_-5
FP7,,affinity_leq_-5
FP7_conf_1,,affinity_leq_-5
FP7_conf_10,,affinity_leq_-5
FP7_conf_11,,affinity_leq_-5
FP7_conf_12,,affinity_leq_-5
FP7_conf_13,,affinity_leq_-5
FP7_conf_14,,affinity_leq_-5
FP7_conf_15,,affinity_leq_-5
FP7_conf_16,,affinity_leq_-5
FP7_conf_2,,affinity_leq_-5
FP7_conf_3,,affinity_leq_-5
FP7_conf_4,,affinity_leq_-5
FP7_conf_5,,affinity_leq_-5
FP7_conf_6,,affinity_leq_-5
FP7_conf_7,,affinity_leq_-5
FP7_conf_8,,affinity_leq_-5
FP7_conf_9,,affinity_leq_-5
Gallic Acid,,affinity_leq_-5
Gallic Acid_conf_1,,affinity_leq_-5
Ibudilast,,affinity_leq_-5
Ibudilast_conf_1,,affinity_leq_-5
Ibudilast_conf_2,,affinity_leq_-5
Ibudilast_conf_3,,affinity_leq_-5
Ibudilast_conf_4,,affinity_leq_-5
Ibudilast_conf_5,,affinity_leq_-5
Ibudilast_conf_6,,affinity_leq_-5
Ibudilast_conf_7,,affinity_leq_-5
Ibudilast_conf_8,,affinity_leq_-5
Ibudilast_conf_9,,affinity_leq_-5
Isoliquiritigenin,,affinity_leq_-5
Isoliquiritigenin_conf_1,,affinity_leq_-5
Isoliquiritigenin_conf_2,,affinity_leq_-5
Isoliquiritigenin_conf_3,,affinity_leq_-5
Isoliquiritigenin_conf_4,,affinity_leq_-5
Kaempferol,,affinity_leq_-5
Kaempferol_conf_1,,affinity_leq_-5
Lenalidomide,,affinity_leq_-5
Lenalidomide_conf_1,,affinity_leq_-5
Lenalidomide_conf_2,,affinity_leq_-5
Lenalidomide_conf_3,,affinity_leq_-5
Lenalidomide_conf_4,,affinity_leq_-5
Lenalidomide_conf_5,,affinity_leq_-5
Lenalidomide_conf_6,,affinity_leq_-5
Licochalcone A,,affinity_leq_-5
Licochalcone A_conf_1,,affinity_leq_-5
Licochalcone A_conf_10,,affinity_leq_-5
Licochalcone A_conf_11,,affinity_leq_-5
Licochalcone A_conf_12,,affinity_leq_-5
Licochalcone A_conf_13,,affinity_leq_-5
Licochalcone A_conf_14,,affinity_leq_-5
Licochalcone A_conf_15,,affinity_leq_-5
Licochalcone A_conf_16,,affinity_leq_-5
Licochalcone A_conf_17,,affinity_leq_-5
Licochalcone A_conf_18,,affinity_leq_-5
Licochalcone A_conf_19,,affinity_leq_-5
Licochalcone A_conf_2,,affinity_leq_-5
Licochalcone A_conf_20,,affinity_leq_-5
Licochalcone A_conf_21,,affinity_leq_-5
Licochalcone A_conf_22,,affinity_leq_-5
Licochalcone A_conf_3,,affinity_leq_-5
Licochalcone A_conf_4,,affinity_leq_-5
Licochalcone A_conf_5,,affinity_leq_-5
Licochalcone A_conf_6,,affinity_leq_-5
Licochalcone A_conf_7,,affinity_leq_-5
Licochalcone A_conf_8,,affinity_leq_-5
Licochalcone A_conf_9,,affinity_leq_-5
Lipid IVa,,affinity_leq_-5
Lipid IVa_conf_1,,affinity_leq_-5
Lipid IVa_conf_10,,affinity_leq_-5
Lipid IVa_conf_11,,affinity_leq_-5
Lipid IVa_conf_12,,affinity_leq_-5
Lipid IVa_conf_13,,affinity_leq_-5
Lipid IVa_conf_14,,affinity_leq_-5
Lipid IVa_conf_15,,affinity_leq_-5
Lipid IVa_conf_16,,affinity_leq_-5
Lipid IVa_conf_17,,affinity_leq_-5
Lipid IVa_conf_18,,affinity_leq_-5
Lipid IVa_conf_19,,affinity_leq_-5
Lipid IVa_conf_2,,affinity_leq_-5
Lipid IVa_conf_20,,affinity_leq_-5
Lipid IVa_conf_21,,affinity_leq_-5
Lipid IVa_conf_22,,affinity_leq_-5
Lipid IVa_conf_23,,affinity_leq_-5
Lipid IVa_conf_24,,affinity_leq_-5
Lipid IVa_conf_25,,affinity_leq_-5
Lipid IVa_conf_26,,affinity_leq_-5
Lipid IVa_conf_27,,affinity_leq_-5
Lipid IVa_conf_28,,affinity_leq_-5
Lipid IVa_conf_29,,affinity_leq_-5
Lipid IVa_conf_3,,affinity_leq_-5
Lipid IVa_conf_30,,affinity_leq_-5
Lipid IVa_conf_31,,affinity_leq_-5
Lipid IVa_conf_32,,affinity_leq_-5
Lipid IVa_conf_33,,affinity_leq_-5
Lipid IVa_conf_34,,affinity_leq_-5
Lipid IVa_conf_35,,affinity_leq_-5
Lipid IVa_conf_36,,affinity_leq_-5
Lipid IVa_conf_37,,affinity_leq_-5
Lipid IVa_conf_38,,affinity_leq_-5
Lipid IVa_conf_39,,affinity_leq_-5
Lipid IVa_conf_4,,affinity_leq_-5
Lipid IVa_conf_40,,affinity_leq_-5
Lipid IVa_conf_41,,affinity_leq_-5
Lipid IVa_conf_42,,affinity_leq_-5
Lipid IVa_conf_43,,affinity_leq_-5
Lipid IVa_conf_44,,affinity_leq_-5
Lipid IVa_conf_45,,affinity_leq_-5
Lipid IVa_conf_46,,affinity_leq_-5
Lipid IVa_conf_47,,affinity_leq_-5
Lipid IVa_conf_48,,affinity_leq_-5
Lipid IVa_conf_49,,affinity_leq_-5
Lipid IVa_conf_5,,affinity_leq_-5
Lipid IVa_conf_50,,affinity_leq_-5
Lipid IVa_conf_51,,affinity_leq_-5
Lipid IVa_conf_52,,affinity_leq_-5
Lipid IVa_conf_53,,affinity_leq_-5
Lipid IVa_conf_54,,affinity_leq_-5
Lipid IVa_conf_55,,affinity_leq_-5
Lipid IVa_conf_56,,affinity_leq_-5
Lipid IVa_conf_57,,affinity_leq_-5
Lipid IVa_conf_58,,affinity_leq_-5
Lipid IVa_conf_59,,affinity_leq_-5
Lipid IVa_conf_6,,affinity_leq_-5
Lipid IVa_conf_60,,affinity_leq_-5
Lipid IVa_conf_61,,affinity_leq_-5
Lipid IVa_conf_62,,affinity_leq_-5
Lipid IVa_conf_63,,affinity_leq_-5
Lipid IVa_conf_64,,affinity_leq_-5
Lipid IVa_conf_65,,affinity_leq_-5
Lipid IVa_conf_66,,affinity_leq_-5
Lipid IVa_conf_67,,affinity_leq_-5
Lipid IVa_conf_68,,affinity_leq_-5
Lipid IVa_conf_69,,affinity_leq_-5
Lipid IVa_conf_7,,affinity_leq_-5
Lipid IVa_conf_70,,affinity_leq_-5
Lipid IVa_conf_71,,affinity_leq_-5
Lipid IVa_conf_72,,affinity_leq_-5
Lipid IVa_conf_73,,affinity_leq_-5
Lipid IVa_conf_74,,affinity_leq_-5
Lipid IVa_conf_75,,affinity_leq_-5
Lipid IVa_conf_8,,affinity_leq_-5
Lipid IVa_conf_9,,affinity_leq_-5
Luteolin,,affinity_leq_-5
Luteolin_conf_1,,affinity_leq_-5
Luteolin_conf_10,,affinity_leq_-5
Luteolin_conf_11,,affinity_leq_-5
Luteolin_conf_12,,affinity_leq_-5
Luteolin_conf_13,,affinity_leq_-5
Luteolin_conf_14,,affinity_leq_-5
Luteolin_conf_15,,affinity_leq_-5
Luteolin_conf_16,,affinity_leq_-5
Luteolin_conf_17,,affinity_leq_-5
Luteolin_conf_18,,affinity_leq_-5
Luteolin_conf_19,,affinity_leq_-5
Luteolin_conf_2,,affinity_leq_-5
Luteolin_conf_20,,affinity_leq_-5
Luteolin_conf_21,,affinity_leq_-5
Luteolin_conf_22,,affinity_leq_-5
Luteolin_conf_23,,affinity_leq_-5
Luteolin_conf_24,,affinity_leq_-5
Luteolin_conf_25,,affinity_leq_-5
Luteolin_conf_26,,affinity_leq_-5
Luteolin_conf_27,,affinity_leq_-5
Luteolin_conf_28,,affinity_leq_-5
Luteolin_conf_29,,affinity_leq_-5
Luteolin_conf_3,,affinity_leq_-5
Luteolin_conf_30,,affinity_leq_-5
Luteolin_conf_31,,affinity_leq_-5
Luteolin_conf_32,,affinity_leq_-5
Luteolin_conf_33,,affinity_leq_-5
Luteolin_conf_34,,affinity_leq_-5
Luteolin_conf_35,,affinity_leq_-5
Luteolin_conf_36,,affinity_leq_-5
Luteolin_conf_37,,affinity_leq_-5
Luteolin_conf_38,,affinity_leq_-5
Luteolin_conf_4,,affinity_leq_-5
Luteolin_conf_5,,affinity_leq_-5
Luteolin_conf_6,,affinity_leq_-5
Luteolin_conf_7,,affinity_leq_-5
Luteolin_conf_8,,affinity_leq_-5
Luteolin_conf_9,,affinity_leq_-5
Madecassic Acid,,affinity_leq_-5
Madecassic Acid_conf_1,,affinity_leq_-5
Madecassic Acid_conf_10,,affinity_leq_-5
Madecassic Acid_conf_11,,affinity_leq_-5
Madecassic Acid_conf_12,,affinity_leq_-5
Madecassic Acid_conf_13,,affinity_leq_-5
Madecassic Acid_conf_14,,affinity_leq_-5
Madecassic Acid_conf_15,,affinity_leq_-5
Madecassic Acid_conf_16,,affinity_leq_-5
Madecassic Acid_conf_17,,affinity_leq_-5
Madecassic Acid_conf_18,,affinity_leq_-5
Madecassic Acid_conf_19,,affinity_leq_-5
Madecassic Acid_conf_2,,affinity_leq_-5
Madecassic Acid_conf_20,,affinity_leq_-5
Madecassic Acid_conf_21,,affinity_leq_-5
Madecassic Acid_conf_22,,affinity_leq_-5
Madecassic Acid_conf_23,,affinity_leq_-5
Madecassic Acid_conf_24,,affinity_leq_-5
Madecassic Acid_conf_25,,affinity_leq_-5
Madecassic Acid_conf_26,,affinity_leq_-5
Madecassic Acid_conf_27,,affinity_leq_-5
Madecassic Acid_conf_28,,affinity_leq_-5
Madecassic Acid_conf_29,,affinity_leq_-5
Madecassic Acid_conf_3,,affinity_leq_-5
Madecassic Acid_conf_30,,affinity_leq_-5
Madecassic Acid_conf_31,,affinity_leq_-5
Madecassic Acid_conf_32,,affinity_leq_-5
Madecassic Acid_conf_33,,affinity_leq_-5
Madecassic Acid_conf_34,,affinity_leq_-5
Madecassic Acid_conf_35,,affinity_leq_-5
Madecassic Acid_conf_36,,affinity_leq_-5
Madecassic Acid_conf_37,,affinity_leq_-5
Madecassic Acid_conf_38,,affinity_leq_-5
Madecassic Acid_conf_39,,affinity_leq_-5
Madecassic Acid_conf_4,,affinity_leq_-5
Madecassic Acid_conf_40,,affinity_leq_-5
Madecassic Acid_conf_41,,affinity_leq_-5
Madecassic Acid_conf_42,,affinity_leq_-5
Madecassic Acid_conf_43,,affinity_leq_-5
Madecassic Acid_conf_44,,affinity_leq_-5
Madecassic Acid_conf_45,,affinity_leq_-5
Madecassic Acid_conf_46,,affinity_leq_-5
Madecassic Acid_conf_47,,affinity_leq_-5
Madecassic Acid_conf_48,,affinity_leq_-5
Madecassic Acid_conf_49,,affinity_leq_-5
Madecassic Acid_conf_5,,affinity_leq_-5
Madecassic Acid_conf_50,,affinity_leq_-5
Madecassic Acid_conf_51,,affinity_leq_-5
Madecassic Acid_conf_6,,affinity_leq_-5
Madecassic Acid_conf_7,,affinity_leq_-5
Madecassic Acid_conf_8,,affinity_leq_-5
Madecassic Acid_conf_9,,affinity_leq_-5
MPLA,,affinity_leq_-5
MPLA_conf_1,,affinity_leq_-5
MPLA_conf_10,,affinity_leq_-5
MPLA_conf_11,,affinity_leq_-5
MPLA_conf_12,,affinity_leq_-5
MPLA_conf_13,,affinity_leq_-5
MPLA_conf_14,,affinity_leq_-5
MPLA_conf_15,,affinity_leq_-5
MPLA_conf_16,,affinity_leq_-5
MPLA_conf_17,,affinity_leq_-5
MPLA_conf_18,,affinity_leq_-5
MPLA_conf_19,,affinity_leq_-5
MPLA_conf_2,,affinity_leq_-5
MPLA_conf_20,,affinity_leq_-5
MPLA_conf_21,,affinity_leq_-5
MPLA_conf_22,,affinity_leq_-5
MPLA_conf_23,,affinity_leq_-5
MPLA_conf_24,,affinity_leq_-5
MPLA_conf_25,,affinity_leq_-5
MPLA_conf_26,,affinity_leq_-5
MPLA_conf_27,,affinity_leq_-5
MPLA_conf_28,,affinity_leq_-5
MPLA_conf_29,,affinity_leq_-5
MPLA_conf_3,,affinity_leq_-5
MPLA_conf_30,,affinity_leq_-5
MPLA_conf_31,,affinity_leq_-5
MPLA_conf_4,,affinity_leq_-5
MPLA_conf_5,,affinity_leq_-5
MPLA_conf_6,,affinity_leq_-5
MPLA_conf_7,,affinity_leq_-5
MPLA_conf_8,,affinity_leq_-5
MPLA_conf_9,,affinity_leq_-5
Myricetin,,affinity_leq_-5
Myricetin_conf_1,,affinity_leq_-5
Oleanolic Acid,,affinity_leq_-5
Oleanolic Acid_conf_1,,affinity_leq_-5
Oleanolic Acid_conf_10,,affinity_leq_-5
Oleanolic Acid_conf_11,,affinity_leq_-5
Oleanolic Acid_conf_12,,affinity_leq_-5
Oleanolic Acid_conf_13,,affinity_leq_-5
Oleanolic Acid_conf_14,,affinity_leq_-5
Oleanolic Acid_conf_15,,affinity_leq_-5
Oleanolic Acid_conf_16,,affinity_leq_-5
Oleanolic Acid_conf_17,,affinity_leq_-5
Oleanolic Acid_conf_18,,affinity_leq_-5
Oleanolic Acid_conf_19,,affinity_leq_-5
Oleanolic Acid_conf_2,,affinity_leq_-5
Oleanolic Acid_conf_20,,affinity_leq_-5
Oleanolic Acid_conf_21,,affinity_leq_-5
Oleanolic Acid_conf_22,,affinity_leq_-5
Oleanolic Acid_conf_23,,affinity_leq_-5
Oleanolic Acid_conf_24,,affinity_leq_-5
Oleanolic Acid_conf_25,,affinity_leq_-5
Oleanolic Acid_conf_26,,affinity_leq_-5
Oleanolic Acid_conf_27,,affinity_leq_-5
Oleanolic Acid_conf_28,,affinity_leq_-5
Oleanolic Acid_conf_29,,affinity_leq_-5
Oleanolic Acid_conf_3,,affinity_leq_-5
Oleanolic Acid_conf_30,,affinity_leq_-5
Oleanolic Acid_conf_31,,affinity_leq_-5
Oleanolic Acid_conf_32,,affinity_leq_-5
Oleanolic Acid_conf_4,,affinity_leq_-5
Oleanolic Acid_conf_5,,affinity_leq_-5
Oleanolic Acid_conf_6,,affinity_leq_-5
Oleanolic Acid_conf_7,,affinity_leq_-5
Oleanolic Acid_conf_8,,affinity_leq_-5
Oleanolic Acid_conf_9,,affinity_leq_-5
Paclitaxel,,affinity_leq_-5
Paclitaxel_conf_1,,affinity_leq_-5
Paclitaxel_conf_10,,affinity_leq_-5
Paclitaxel_conf_11,,affinity_leq_-5
Paclitaxel_conf_12,,affinity_leq_-5
Paclitaxel_conf_13,,affinity_leq_-5
Paclitaxel_conf_14,,affinity_leq_-5
Paclitaxel_conf_15,,affinity_leq_-5
Paclitaxel_conf_16,,affinity_leq_-5
Paclitaxel_conf_17,,affinity_leq_-5
Paclitaxel_conf_18,,affinity_leq_-5
Paclitaxel_conf_19,,affinity_leq_-5
Paclitaxel_conf_2,,affinity_leq_-5
Paclitaxel_conf_20,,affinity_leq_-5
Paclitaxel_conf_21,,affinity_leq_-5
Paclitaxel_conf_22,,affinity_leq_-5
Paclitaxel_conf_23,,affinity_leq_-5
Paclitaxel_conf_24,,affinity_leq_-5
Paclitaxel_conf_25,,affinity_leq_-5
Paclitaxel_conf_26,,affinity_leq_-5
Paclitaxel_conf_27,,affinity_leq_-5
Paclitaxel_conf_28,,affinity_leq_-5
Paclitaxel_conf_29,,affinity_leq_-5
Paclitaxel_conf_3,,affinity_leq_-5
Paclitaxel_conf_30,,affinity_leq_-5
Paclitaxel_conf_31,,affinity_leq_-5
Paclitaxel_conf_32,,affinity_leq_-5
Paclitaxel_conf_33,,affinity_leq_-5
Paclitaxel_conf_34,,affinity_leq_-5
Paclitaxel_conf_35,,affinity_leq_-5
Paclitaxel_conf_36,,affinity_leq_-5
Paclitaxel_conf_37,,affinity_leq_-5
Paclitaxel_conf_38,,affinity_leq_-5
Paclitaxel_conf_39,,affinity_leq_-5
Paclitaxel_conf_4,,affinity_leq_-5
Paclitaxel_conf_40,,affinity_leq_-5
Paclitaxel_conf_41,,affinity_leq_-5
Paclitaxel_conf_42,,affinity_leq_-5
Paclitaxel_conf_43,,affinity_leq_-5
Paclitaxel_conf_44,,affinity_leq_-5
Paclitaxel_conf_45,,affinity_leq_-5
Paclitaxel_conf_46,,affinity_leq_-5
Paclitaxel_conf_47,,affinity_leq_-5
Paclitaxel_conf_48,,affinity_leq_-5
Paclitaxel_conf_49,,affinity_leq_-5
Paclitaxel_conf_5,,affinity_leq_-5
Paclitaxel_conf_50,,affinity_leq_-5
Paclitaxel_conf_51,,affinity_leq_-5
Paclitaxel_conf_52,,affinity_leq_-5
Paclitaxel_conf_53,,affinity_leq_-5
Paclitaxel_conf_54,,affinity_leq_-5
Paclitaxel_conf_55,,affinity_leq_-5
Paclitaxel_conf_56,,affinity_leq_-5
Paclitaxel_conf_57,,affinity_leq_-5
Paclitaxel_conf_58,,affinity_leq_-5
Paclitaxel_conf_59,,affinity_leq_-5
Paclitaxel_conf_6,,affinity_leq_-5
Paclitaxel_conf_60,,affinity_leq_-5
Paclitaxel_conf_61,,affinity_leq_-5
Paclitaxel_conf_62,,affinity_leq_-5
Paclitaxel_conf_63,,affinity_leq_-5
Paclitaxel_conf_64,,affinity_leq_-5
Paclitaxel_conf_65,,affinity_leq_-5
Paclitaxel_conf_66,,affinity_leq_-5
Paclitaxel_conf_67,,affinity_leq_-5
Paclitaxel_conf_68,,affinity_leq_-5
Paclitaxel_conf_69,,affinity_leq_-5
Paclitaxel_conf_7,,affinity_leq_-5
Paclitaxel_conf_70,,affinity_leq_-5
Paclitaxel_conf_71,,affinity_leq_-5
Paclitaxel_conf_72,,affinity_leq_-5
Paclitaxel_conf_73,,affinity_leq_-5
Paclitaxel_conf_74,,affinity_leq_-5
Paclitaxel_conf_75,,affinity_leq_-5
Paclitaxel_conf_76,,affinity_leq_-5
Paclitaxel_conf_77,,affinity_leq_-5
Paclitaxel_conf_78,,affinity_leq_-5
Paclitaxel_conf_79,,affinity_leq_-5
Paclitaxel_conf_8,,affinity_leq_-5
Paclitaxel_conf_80,,affinity_leq_-5
Paclitaxel_conf_81,,affinity_leq_-5
Paclitaxel_conf_82,,affinity_leq_-5
Paclitaxel_conf_83,,affinity_leq_-5
Paclitaxel_conf_84,,affinity_leq_-5
Paclitaxel_conf_85,,affinity_leq_-5
Paclitaxel_conf_86,,affinity_leq_-5
Paclitaxel_conf_87,,affinity_leq_-5
Paclitaxel_conf_9,,affinity_leq_-5
Parthenolide,,affinity_leq_-5
Parthenolide_conf_1,,affinity_leq_-5
Parthenolide_conf_10,,affinity_leq_-5
Parthenolide_conf_11,,affinity_leq_-5
Parthenolide_conf_12,,affinity_leq_-5
Parthenolide_conf_13,,affinity_leq_-5
Parthenolide_conf_14,,affinity_leq_-5
Parthenolide_conf_15,,affinity_leq_-5
Parthenolide_conf_16,,affinity_leq_-5
Parthenolide_conf_17,,affinity_leq_-5
Parthenolide_conf_18,,affinity_leq_-5
Parthenolide_conf_19,,affinity_leq_-5
Parthenolide_conf_2,,affinity_leq_-5
Parthenolide_conf_20,,affinity_leq_-5
Parthenolide_conf_21,,affinity_leq_-5
Parthenolide_conf_22,,affinity_leq_-5
Parthenolide_conf_23,,affinity_leq_-5
Parthenolide_conf_3,,affinity_leq_-5
Parthenolide_conf_4,,affinity_leq_-5
Parthenolide_conf_5,,affinity_leq_-5
Parthenolide_conf_6,,affinity_leq_-5
Parthenolide_conf_7,,affinity_leq_-5
Parthenolide_conf_8,,affinity_leq_-5
Parthenolide_conf_9,,affinity_leq_-5
Pentoxifylline,,affinity_leq_-5
Pentoxifylline_conf_1,,affinity_leq_-5
Pentoxifylline_conf_10,,affinity_leq_-5
Pentoxifylline_conf_11,,affinity_leq_-5
Pentoxifylline_conf_12,,affinity_leq_-5
Pentoxifylline_conf_13,,affinity_leq_-5
Pentoxifylline_conf_14,,affinity_leq_-5
Pentoxifylline_conf_15,,affinity_leq_-5
Pentoxifylline_conf_16,,affinity_leq_-5
Pentoxifylline_conf_17,,affinity_leq_-5
Pentoxifylline_conf_18,,affinity_leq_-5
Pentoxifylline_conf_19,,affinity_leq_-5
Pentoxifylline_conf_2,,affinity_leq_-5
Pentoxifylline_conf_20,,affinity_leq_-5
Pentoxifylline_conf_21,,affinity_leq_-5
Pentoxifylline_conf_22,,affinity_leq_-5
Pentoxifylline_conf_23,,affinity_leq_-5
Pentoxifylline_conf_24,,affinity_leq_-5
Pentoxifylline_conf_25,,affinity_leq_-5
Pentoxifylline_conf_26,,affinity_leq_-5
Pentoxifylline_conf_27,,affinity_leq_-5
Pentoxifylline_conf_28,,affinity_leq_-5
Pentoxifylline_conf_29,,affinity_leq_-5
Pentoxifylline_conf_3,,affinity_leq_-5
Pentoxifylline_conf_30,,affinity_leq_-5
Pentoxifylline_conf_31,,affinity_leq_-5
Pentoxifylline_conf_32,,affinity_leq_-5
Pentoxifylline_conf_33,,affinity_leq_-5
Pentoxifylline_conf_34,,affinity_leq_-5
Pentoxifylline_conf_35,,affinity_leq_-5
Pentoxifylline_conf_36,,affinity_leq_-5
Pentoxifylline_conf_37,,affinity_leq_-5
Pentoxifylline_conf_38,,affinity_leq_-5
Pentoxifylline_conf_39,,affinity_leq_-5
Pentoxifylline_conf_4,,affinity_leq_-5
Pentoxifylline_conf_40,,affinity_leq_-5
Pentoxifylline_conf_41,,affinity_leq_-5
Pentoxifylline_conf_42,,affinity_leq_-5
Pentoxifylline_conf_43,,affinity_leq_-5
Pentoxifylline_conf_44,,affinity_leq_-5
Pentoxifylline_conf_45,,affinity_leq_-5
Pentoxifylline_conf_46,,affinity_leq_-5
Pentoxifylline_conf_5,,affinity_leq_-5
Pentoxifylline_conf_6,,affinity_leq_-5
Pentoxifylline_conf_7,,affinity_leq_-5
Pentoxifylline_conf_8,,affinity_leq_-5
Pentoxifylline_conf_9,,affinity_leq_-5
Pomalidomide,,affinity_leq_-5
Pomalidomide_conf_1,,affinity_leq_-5
Pomalidomide_conf_2,,affinity_leq_-5
Pomalidomide_conf_3,,affinity_leq_-5
Pomalidomide_conf_4,,affinity_leq_-5
Pomalidomide_conf_5,,affinity_leq_-5
Pomalidomide_conf_6,,affinity_leq_-5
Pomalidomide_conf_7,,affinity_leq_-5
Pomalidomide_conf_8,,affinity_leq_-5
Pomalidomide_conf_9,,affinity_leq_-5
Quercetin,,affinity_leq_-5
Quercetin_conf_1,,affinity_leq_-5
Quercetin_conf_2,,affinity_leq_-5
Resatorvid,,affinity_leq_-5
Resatorvid_conf_1,,affinity_leq_-5
Resatorvid_conf_10,,affinity_leq_-5
Resatorvid_conf_11,,affinity_leq_-5
Resatorvid_conf_12,,affinity_leq_-5
Resatorvid_conf_13,,affinity_leq_-5
Resatorvid_conf_14,,affinity_leq_-5
Resatorvid_conf_15,,affinity_leq_-5
Resatorvid_conf_16,,affinity_leq_-5
Resatorvid_conf_17,,affinity_leq_-5
Resatorvid_conf_18,,affinity_leq_-5
Resatorvid_conf_19,,affinity_leq_-5
Resatorvid_conf_2,,affinity_leq_-5
Resatorvid_conf_20,,affinity_leq_-5
Resatorvid_conf_21,,affinity_leq_-5
Resatorvid_conf_22,,affinity_leq_-5
Resatorvid_conf_23,,affinity_leq_-5
Resatorvid_conf_24,,affinity_leq_-5
Resatorvid_conf_25,,affinity_leq_-5
Resatorvid_conf_26,,affinity_leq_-5
Resatorvid_conf_27,,affinity_leq_-5
Resatorvid_conf_28,,affinity_leq_-5
Resatorvid_conf_29,,affinity_leq_-5
Resatorvid_conf_3,,affinity_leq_-5
Resatorvid_conf_30,,affinity_leq_-5
Resatorvid_conf_31,,affinity_leq_-5
Resatorvid_conf_32,,affinity_leq_-5
Resatorvid_conf_33,,affinity_leq_-5
Resatorvid_conf_34,,affinity_leq_-5
Resatorvid_conf_35,,affinity_leq_-5
Resatorvid_conf_36,,affinity_leq_-5
Resatorvid_conf_37,,affinity_leq_-5
Resatorvid_conf_38,,affinity_leq_-5
Resatorvid_conf_39,,affinity_leq_-5
Resatorvid_conf_4,,affinity_leq_-5
Resatorvid_conf_40,,affinity_leq_-5
Resatorvid_conf_41,,affinity_leq_-5
Resatorvid_conf_42,,affinity_leq_-5
Resatorvid_conf_5,,affinity_leq_-5
Resatorvid_conf_6,,affinity_leq_-5
Resatorvid_conf_7,,affinity_leq_-5
Resatorvid_conf_8,,affinity_leq_-5
Resatorvid_conf_9,,affinity_leq_-5
Resveratrol,,affinity_leq_-5
Resveratrol_conf_1,,affinity_leq_-5
Resveratrol_conf_2,,affinity_leq_-5
Resveratrol_conf_3,,affinity_leq_-5
Rosmarinic Acid,,affinity_leq_-5
Rosmarinic Acid_conf_1,,affinity_leq_-5
Rosmarinic Acid_conf_10,,affinity_leq_-5
Rosmarinic Acid_conf_11,,affinity_leq_-5
Rosmarinic Acid_conf_12,,affinity_leq_-5
Rosmarinic Acid_conf_13,,affinity_leq_-5
Rosmarinic Acid_conf_14,,affinity_leq_-5
Rosmarinic Acid_conf_15,,affinity_leq_-5
Rosmarinic Acid_conf_16,,affinity_leq_-5
Rosmarinic Acid_conf_17,,affinity_leq_-5
Rosmarinic Acid_conf_18,,affinity_leq_-5
Rosmarinic Acid_conf_19,,affinity_leq_-5
Rosmarinic Acid_conf_2,,affinity_leq_-5
Rosmarinic Acid_conf_20,,affinity_leq_-5
Rosmarinic Acid_conf_21,,affinity_leq_-5
Rosmarinic Acid_conf_22,,affinity_leq_-5
Rosmarinic Acid_conf_23,,affinity_leq_-5
Rosmarinic Acid_conf_24,,affinity_leq_-5
Rosmarinic Acid_conf_25,,affinity_leq_-5
Rosmarinic Acid_conf_26,,affinity_leq_-5
Rosmarinic Acid_conf_27,,affinity_leq_-5
Rosmarinic Acid_conf_28,,affinity_leq_-5
Rosmarinic Acid_conf_29,,affinity_leq_-5
Rosmarinic Acid_conf_3,,affinity_leq_-5
Rosmarinic Acid_conf_4,,affinity_leq_-5
Rosmarinic Acid_conf_5,,affinity_leq_-5
Rosmarinic Acid_conf_6,,affinity_leq_-5
Rosmarinic Acid_conf_7,,affinity_leq_-5
Rosmarinic Acid_conf_8,,affinity_leq_-5
Rosmarinic Acid_conf_9,,affinity_leq_-5
T5342126,,affinity_leq_-5
T5342126_conf_1,,affinity_leq_-5
T5342126_conf_10,,affinity_leq_-5
T5342126_conf_11,,affinity_leq_-5
T5342126_conf_12,,affinity_leq_-5
T5342126_conf_13,,affinity_leq_-5
T5342126_conf_14,,affinity_leq_-5
T5342126_conf_15,,affinity_leq_-5
T5342126_conf_16,,affinity_leq_-5
T5342126_conf_17,,affinity_leq_-5
T5342126_conf_18,,affinity_leq_-5
T5342126_conf_19,,affinity_leq_-5
T5342126_conf_2,,affinity_leq_-5
T5342126_conf_20,,affinity_leq_-5
T5342126_conf_21,,affinity_leq_-5
T5342126_conf_22,,affinity_leq_-5
T5342126_conf_23,,affinity_leq_-5
T5342126_conf_24,,affinity_leq_-5
T5342126_conf_25,,affinity_leq_-5
T5342126_conf_26,,affinity_leq_-5
T5342126_conf_27,,affinity_leq_-5
T5342126_conf_28,,affinity_leq_-5
T5342126_conf_29,,affinity_leq_-5
T5342126_conf_3,,affinity_leq_-5
T5342126_conf_30,,affinity_leq_-5
T5342126_conf_31,,affinity_leq_-5
T5342126_conf_32,,affinity_leq_-5
T5342126_conf_33,,affinity_leq_-5
T5342126_conf_34,,affinity_leq_-5
T5342126_conf_35,,affinity_leq_-5
T5342126_conf_36,,affinity_leq_-5
T5342126_conf_37,,affinity_leq_-5
T5342126_conf_38,,affinity_leq_-5
T5342126_conf_39,,affinity_leq_-5
T5342126_conf_4,,affinity_leq_-5
T5342126_conf_40,,affinity_leq_-5
T5342126_conf_41,,affinity_leq_-5
T5342126_conf_42,,affinity_leq_-5
T5342126_conf_43,,affinity_leq_-5
T5342126_conf_44,,affinity_leq_-5
T5342126_conf_45,,affinity_leq_-5
T5342126_conf_46,,affinity_leq_-5
T5342126_conf_47,,affinity_leq_-5
T5342126_conf_48,,affinity_leq_-5
T5342126_conf_49,,affinity_leq_-5
T5342126_conf_5,,affinity_leq_-5
T5342126_conf_50,,affinity_leq_-5
T5342126_conf_51,,affinity_leq_-5
T5342126_conf_52,,affinity_leq_-5
T5342126_conf_53,,affinity_leq_-5
T5342126_conf_54,,affinity_leq_-5
T5342126_conf_55,,affinity_leq_-5
T5342126_conf_56,,affinity_leq_-5
T5342126_conf_57,,affinity_leq_-5
T5342126_conf_58,,affinity_leq_-5
T5342126_conf_59,,affinity_leq_-5
T5342126_conf_6,,affinity_leq_-5
T5342126_conf_60,,affinity_leq_-5
T5342126_conf_61,,affinity_leq_-5
T5342126_conf_62,,affinity_leq_-5
T5342126_conf_63,,affinity_leq_-5
T5342126_conf_64,,affinity_leq_-5
T5342126_conf_65,,affinity_leq_-5
T5342126_conf_66,,affinity_leq_-5
T5342126_conf_67,,affinity_leq_-5
T5342126_conf_68,,affinity_leq_-5
T5342126_conf_69,,affinity_leq_-5
T5342126_conf_7,,affinity_leq_-5
T5342126_conf_70,,affinity_leq_-5
T5342126_conf_71,,affinity_leq_-5
T5342126_conf_72,,affinity_leq_-5
T5342126_conf_73,,affinity_leq_-5
T5342126_conf_74,,affinity_leq_-5
T5342126_conf_75,,affinity_leq_-5
T5342126_conf_76,,affinity_leq_-5
T5342126_conf_77,,affinity_leq_-5
T5342126_conf_78,,affinity_leq_-5
T5342126_conf_79,,affinity_leq_-5
T5342126_conf_8,,affinity_leq_-5
T5342126_conf_80,,affinity_leq_-5
T5342126_conf_9,,affinity_leq_-5
TAK_242,,affinity_leq_-5
TAK_242_conf_1,,affinity_leq_-5
TAK_242_conf_10,,affinity_leq_-5
TAK_242_conf_100,,affinity_leq_-5
TAK_242_conf_11,,affinity_leq_-5
TAK_242_conf_12,,affinity_leq_-5
TAK_242_conf_13,,affinity_leq_-5
TAK_242_conf_14,,affinity_leq_-5
TAK_242_conf_15,,affinity_leq_-5
TAK_242_conf_16,,affinity_leq_-5
TAK_242_conf_17,,affinity_leq_-5
TAK_242_conf_18,,affinity_leq_-5
TAK_242_conf_19,,affinity_leq_-5
TAK_242_conf_2,,affinity_leq_-5
TAK_242_conf_20,,affinity_leq_-5
TAK_242_conf_21,,affinity_leq_-5
TAK_242_conf_22,,affinity_leq_-5
TAK_242_conf_23,,affinity_leq_-5
TAK_242_conf_24,,affinity_leq_-5
TAK_242_conf_25,,affinity_leq_-5
TAK_242_conf_26,,affinity_leq_-5
TAK_242_conf_27,,affinity_leq_-5
TAK_242_conf_28,,affinity_leq_-5
TAK_242_conf_29,,affinity_leq_-5
TAK_242_conf_3,,affinity_leq_-5
TAK_242_conf_30,,affinity_leq_-5
TAK_242_conf_31,,affinity_leq_-5
TAK_242_conf_32,,affinity_leq_-5
TAK_242_conf_33,,affinity_leq_-5
TAK_242_conf_34,,affinity_leq_-5
TAK_242_conf_35,,affinity_leq_-5
TAK_242_conf_36,,affinity_leq_-5
TAK_242_conf_37,,affinity_leq_-5
TAK_242_conf_38,,affinity_leq_-5
TAK_242_conf_39,,affinity_leq_-5
TAK_242_conf_4,,affinity_leq_-5
TAK_242_conf_40,,affinity_leq_-5
TAK_242_conf_41,,affinity_leq_-5
TAK_242_conf_42,,affinity_leq_-5
TAK_242_conf_43,,affinity_leq_-5
TAK_242_conf_44,,affinity_leq_-5
TAK_242_conf_45,,affinity_leq_-5
TAK_242_conf_46,,affinity_leq_-5
TAK_242_conf_47,,affinity_leq_-5
TAK_242_conf_48,,affinity_leq_-5
TAK_242_conf_49,,affinity_leq_-5
TAK_242_conf_5,,affinity_leq_-5
TAK_242_conf_50,,affinity_leq_-5
TAK_242_conf_51,,affinity_leq_-5
TAK_242_conf_52,,affinity_leq_-5
TAK_242_conf_53,,affinity_leq_-5
TAK_242_conf_54,,affinity_leq_-5
TAK_242_conf_55,,affinity_leq_-5
TAK_242_conf_56,,affinity_leq_-5
TAK_242_conf_57,,affinity_leq_-5
TAK_242_conf_58,,affinity_leq_-5
TAK_242_conf_59,,affinity_leq_-5
TAK_242_conf_6,,affinity_leq_-5
TAK_242_conf_60,,affinity_leq_-5
TAK_242_conf_61,,affinity_leq_-5
TAK_242_conf_62,,affinity_leq_-5
TAK_242_conf_63,,affinity_leq_-5
TAK_242_conf_64,,affinity_leq_-5
TAK_242_conf_65,,affinity_leq_-5
TAK_242_conf_66,,affinity_leq_-5
TAK_242_conf_67,,affinity_leq_-5
TAK_242_conf_68,,affinity_leq_-5
TAK_242_conf_69,,affinity_leq_-5
TAK_242_conf_7,,affinity_leq_-5
TAK_242_conf_70,,affinity_leq_-5
TAK_242_conf_71,,affinity_leq_-5
TAK_242_conf_72,,affinity_leq_-5
TAK_242_conf_73,,affinity_leq_-5
TAK_242_conf_74,,affinity_leq_-5
TAK_242_conf_75,,affinity_leq_-5
TAK_242_conf_76,,affinity_leq_-5
TAK_242_conf_77,,affinity_leq_-5
TAK_242_conf_78,,affinity_leq_-5
TAK_242_conf_79,,affinity_leq_-5
TAK_242_conf_8,,affinity_leq_-5
TAK_242_conf_80,,affinity_leq_-5
TAK_242_conf_81,,affinity_leq_-5
TAK_242_conf_82,,affinity_leq_-5
TAK_242_conf_83,,affinity_leq_-5
TAK_242_conf_84,,affinity_leq_-5
TAK_242_conf_85,,affinity_leq_-5
TAK_242_conf_86,,affinity_leq_-5
TAK_242_conf_87,,affinity_leq_-5
TAK_242_conf_88,,affinity_leq_-5
TAK_242_conf_89,,affinity_leq_-5
TAK_242_conf_9,,affinity_leq_-5
TAK_242_conf_90,,affinity_leq_-5
TAK_242_conf_91,,affinity_leq_-5
TAK_242_conf_92,,affinity_leq_-5
TAK_242_conf_93,,affinity_leq_-5
TAK_242_conf_94,,affinity_leq_-5
TAK_242_conf_95,,affinity_leq_-5
TAK_242_conf_96,,affinity_leq_-5
TAK_242_conf_97,,affinity_leq_-5
TAK_242_conf_98,,affinity_leq_-5
TAK_242_conf_99,,affinity_leq_-5
Thalidomide,,affinity_leq_-5
Thalidomide_conf_1,,affinity_leq_-5
Thalidomide_conf_2,,affinity_leq_-5
Thalidomide_conf_3,,affinity_leq_-5
Ursolic Acid,,affinity_leq_-5
Ursolic Acid_conf_1,,affinity_leq_-5
Ursolic Acid_conf_10,,affinity_leq_-5
Ursolic Acid_conf_11,,affinity_leq_-5
Ursolic Acid_conf_12,,affinity_leq_-5
Ursolic Acid_conf_13,,affinity_leq_-5
Ursolic Acid_conf_14,,affinity_leq_-5
Ursolic Acid_conf_15,,affinity_leq_-5
Ursolic Acid_conf_16,,affinity_leq_-5
Ursolic Acid_conf_17,,affinity_leq_-5
Ursolic Acid_conf_18,,affinity_leq_-5
Ursolic Acid_conf_19,,affinity_leq_-5
Ursolic Acid_conf_2,,affinity_leq_-5
Ursolic Acid_conf_20,,affinity_leq_-5
Ursolic Acid_conf_21,,affinity_leq_-5
Ursolic Acid_conf_22,,affinity_leq_-5
Ursolic Acid_conf_23,,affinity_leq_-5
Ursolic Acid_conf_24,,affinity_leq_-5
Ursolic Acid_conf_25,,affinity_leq_-5
Ursolic Acid_conf_26,,affinity_leq_-5
Ursolic Acid_conf_27,,affinity_leq_-5
Ursolic Acid_conf_28,,affinity_leq_-5
Ursolic Acid_conf_29,,affinity_leq_-5
Ursolic Acid_conf_3,,affinity_leq_-5
Ursolic Acid_conf_4,,affinity_leq_-5
Ursolic Acid_conf_5,,affinity_leq_-5
Ursolic Acid_conf_6,,affinity_leq_-5
Ursolic Acid_conf_7,,affinity_leq_-5
Ursolic Acid_conf_8,,affinity_leq_-5
Ursolic Acid_conf_9,,affinity_leq_-5
VGX_1027,,affinity_leq_-5
VGX_1027_conf_1,,affinity_leq_-5
VGX_1027_conf_10,,affinity_leq_-5
VGX_1027_conf_11,,affinity_leq_-5
VGX_1027_conf_12,,affinity_leq_-5
VGX_1027_conf_13,,affinity_leq_-5
VGX_1027_conf_14,,affinity_leq_-5
VGX_1027_conf_15,,affinity_leq_-5
VGX_1027_conf_16,,affinity_leq_-5
VGX_1027_conf_17,,affinity_leq_-5
VGX_1027_conf_18,,affinity_leq_-5
VGX_1027_conf_19,,affinity_leq_-5
VGX_1027_conf_2,,affinity_leq_-5
VGX_1027_conf_20,,affinity_leq_-5
VGX_1027_conf_21,,affinity_leq_-5
VGX_1027_conf_22,,affinity_leq_-5
VGX_1027_conf_23,,affinity_leq_-5
VGX_1027_conf_24,,affinity_leq_-5
VGX_1027_conf_25,,affinity_leq_-5
VGX_1027_conf_26,,affinity_leq_-5
VGX_1027_conf_27,,affinity_leq_-5
VGX_1027_conf_28,,affinity_leq_-5
VGX_1027_conf_29,,affinity_leq_-5
VGX_1027_conf_3,,affinity_leq_-5
VGX_1027_conf_30,,affinity_leq_-5
VGX_1027_conf_31,,affinity_leq_-5
VGX_1027_conf_32,,affinity_leq_-5
VGX_1027_conf_33,,affinity_leq_-5
VGX_1027_conf_34,,affinity_leq_-5
VGX_1027_conf_35,,affinity_leq_-5
VGX_1027_conf_36,,affinity_leq_-5
VGX_1027_conf_37,,affinity_leq_-5
VGX_1027_conf_38,,affinity_leq_-5
VGX_1027_conf_39,,affinity_leq_-5
VGX_1027_conf_4,,affinity_leq_-5
VGX_1027_conf_40,,affinity_leq_-5
VGX_1027_conf_41,,affinity_leq_-5
VGX_1027_conf_42,,affinity_leq_-5
VGX_1027_conf_43,,affinity_leq_-5
VGX_1027_conf_44,,affinity_leq_-5
VGX_1027_conf_45,,affinity_leq_-5
VGX_1027_conf_46,,affinity_leq_-5
VGX_1027_conf_47,,affinity_leq_-5
VGX_1027_conf_48,,affinity_leq_-5
VGX_1027_conf_49,,affinity_leq_-5
VGX_1027_conf_5,,affinity_leq_-5
VGX_1027_conf_50,,affinity_leq_-5
VGX_1027_conf_51,,affinity_leq_-5
VGX_1027_conf_52,,affinity_leq_-5
VGX_1027_conf_53,,affinity_leq_-5
VGX_1027_conf_54,,affinity_leq_-5
VGX_1027_conf_55,,affinity_leq_-5
VGX_1027_conf_56,,affinity_leq_-5
VGX_1027_conf_57,,affinity_leq_-5
VGX_1027_conf_58,,affinity_leq_-5
VGX_1027_conf_59,,affinity_leq_-5
VGX_1027_conf_6,,affinity_leq_-5
VGX_1027_conf_60,,affinity_leq_-5
VGX_1027_conf_61,,affinity_leq_-5
VGX_1027_conf_62,,affinity_leq_-5
VGX_1027_conf_63,,affinity_leq_-5
VGX_1027_conf_64,,affinity_leq_-5
VGX_1027_conf_65,,affinity_leq_-5
VGX_1027_conf_66,,affinity_leq_-5
VGX_1027_conf_67,,affinity_leq_-5
VGX_1027_conf_68,,affinity_leq_-5
VGX_1027_conf_69,,affinity_leq_-5
VGX_1027_conf_7,,affinity_leq_-5
VGX_1027_conf_70,,affinity_leq_-5
VGX_1027_conf_71,,affinity_leq_-5
VGX_1027_conf_72,,affinity_leq_-5
VGX_1027_conf_73,,affinity_leq_-5
VGX_1027_conf_74,,affinity_leq_-5
VGX_1027_conf_75,,affinity_leq_-5
VGX_1027_conf_76,,affinity_leq_-5
VGX_1027_conf_77,,affinity_leq_-5
VGX_1027_conf_78,,affinity_leq_-5
VGX_1027_conf_79,,affinity_leq_-5
VGX_1027_conf_8,,affinity_leq_-5
VGX_1027_conf_80,,affinity_leq_-5
VGX_1027_conf_81,,affinity_leq_-5
VGX_1027_conf_82,,affinity_leq_-5
VGX_1027_conf_83,,affinity_leq_-5
VGX_1027_conf_84,,affinity_leq_-5
VGX_1027_conf_85,,affinity_leq_-5
VGX_1027_conf_9,,affinity_leq_-5
Withanoside IV,,affinity_leq_-5
Withanoside IV_conf_1,,affinity_leq_-5
Wogonin,,affinity_leq_-5
Wogonin_conf_1,,affinity_leq_-5
Xanthohumol,,affinity_leq_-5
Xanthohumol_conf_1,,affinity_leq_-5
Xanthohumol_conf_10,,affinity_leq_-5
Xanthohumol_conf_11,,affinity_leq_-5
Xanthohumol_conf_12,,affinity_leq_-5
Xanthohumol_conf_13,,affinity_leq_-5
Xanthohumol_conf_14,,affinity_leq_-5
Xanthohumol_conf_15,,affinity_leq_-5
Xanthohumol_conf_16,,affinity_leq_-5
Xanthohumol_conf_17,,affinity_leq_-5
Xanthohumol_conf_18,,affinity_leq_-5
Xanthohumol_conf_19,,affinity_leq_-5
Xanthohumol_conf_2,,affinity_leq_-5
Xanthohumol_conf_20,,affinity_leq_-5
Xanthohumol_conf_21,,affinity_leq_-5
Xanthohumol_conf_22,,affinity_leq_-5
Xanthohumol_conf_23,,affinity_leq_-5
Xanthohumol_conf_24,,affinity_leq_-5
Xanthohumol_conf_25,,affinity_leq_-5
Xanthohumol_conf_26,,affinity_leq_-5
Xanthohumol_conf_27,,affinity_leq_-5
Xanthohumol_conf_28,,affinity_leq_-5
Xanthohumol_conf_29,,affinity_leq_-5
Xanthohumol_conf_3,,affinity_leq_-5
Xanthohumol_conf_30,,affinity_leq_-5
Xanthohumol_conf_31,,affinity_leq_-5
Xanthohumol_conf_32,,affinity_leq_-5
Xanthohumol_conf_33,,affinity_leq_-5
Xanthohumol_conf_34,,affinity_leq_-5
Xanthohumol_conf_35,,affinity_leq_-5
Xanthohumol_conf_36,,affinity_leq_-5
Xanthohumol_conf_37,,affinity_leq_-5
Xanthohumol_conf_38,,affinity_leq_-5
Xanthohumol_conf_39,,affinity_leq_-5
Xanthohumol_conf_4,,affinity_leq_-5
Xanthohumol_conf_40,,affinity_leq_-5
Xanthohumol_conf_41,,affinity_leq_-5
Xanthohumol_conf_42,,affinity_leq_-5
Xanthohumol_conf_43,,affinity_leq_-5
Xanthohumol_conf_44,,affinity_leq_-5
Xanthohumol_conf_45,,affinity_leq_-5
Xanthohumol_conf_46,,affinity_leq_-5
Xanthohumol_conf_47,,affinity_leq_-5
Xanthohumol_conf_48,,affinity_leq_-5
Xanthohumol_conf_5,,affinity_leq_-5
Xanthohumol_conf_6,,affinity_leq_-5
Xanthohumol_conf_7,,affinity_leq_-5
Xanthohumol_conf_8,,affinity_leq_-5
Xanthohumol_conf_9,,affinity_leq_-5
